Workbook
Name ChannelNames: Channels!$C$3:$C$60
Name InstrumentNames: Instruments!$A$3:$A$30
Name LoopNames: 'Control Loops'!$A$3:$A$22

Sheet Instruments
A1: Define each instrument. Instrument Name must be unique — it is referenced by other sheets.
A2: Instrument Name | B2: Type | C2: Address / Device | D2: Query Command | E2: Poll Rate (s) | F2: Timeout (s) | G2: Enabled | H2: Notes
A3: tc_array | B3: daqmx | C3: Dev1 | E3: 0.1 | F3: 5 | G3: Yes | H3: Main thermocouple rack
A4: pressure_gauge | B4: gpib | C4: GPIB0::5::INSTR | D4: MEAS:PRES? | E4: 0.5 | F4: 10 | G4: Yes | H4: Chamber pressure
A5: flow_controller | B5: gpib | C5: GPIB0::7::INSTR | D5: MEAS:FLOW? | E5: 1 | F5: 10 | G5: Yes | H5: MFC bank
A6: power_supply | B6: serial | C6: COM3 | D6: MEAS:VOLT? | E6: 1 | F6: 5 | G6: Yes | H6: Heater PSU

Sheet Channels
A1: Define channels. Select Instrument from dropdown. Channel Name must be unique — it is referenced by Control Loops, Logging, Interlocks, and Test Series.
A2: Instrument | B2: Channel ID | C2: Channel Name | D2: Direction | E2: Signal Type | F2: Units | G2: Slope | H2: Offset | I2: Min Value | J2: Max Value | K2: Enabled | L2: Notes
A3: tc_array | B3: ai0 | C3: reactor_temp | D3: input | E3: voltage | F3: degC | G3: 100 | H3: 0 | I3: 0 | J3: 500 | K3: Yes | L3: K-type TC
A4: tc_array | B4: ai1 | C4: coolant_temp | D4: input | E4: voltage | F4: degC | G4: 100 | H4: 0 | I4: 0 | J4: 100 | K4: Yes | L4: K-type TC
A5: tc_array | B5: ao0 | C5: heater_output | D5: output | E5: voltage | F5: % | G5: 10 | H5: 0 | I5: 0 | J5: 100 | K5: Yes | L5: Heater control signal
A6: pressure_gauge | B6: ch1 | C6: chamber_pressure | D6: input | E6: string | F6: torr | G6: 1 | H6: 0 | I6: 0 | J6: 760 | K6: Yes
A7: flow_controller | B7: ch1 | C7: gas_flow | D7: input | E7: string | F7: sccm | G7: 1 | H7: 0 | I7: 0 | J7: 500 | K7: Yes
A8: flow_controller | B8: ch2 | C8: flow_setpoint | D8: output | E8: string | F8: sccm | G8: 1 | H8: 0 | I8: 0 | J8: 500 | K8: Yes | L8: Flow command

Sheet Control Loops
A1: Define PID loops. Select Process Variable and Output Channel from Channels sheet dropdowns. Loop Name must be unique.
A2: Loop Name | B2: Process Variable | C2: Setpoint | D2: SP Units | E2: Output Channel | F2: Out Min | G2: Out Max | H2: Kp | I2: Ki | J2: Kd | K2: Sample Time (s) | L2: Mode | M2: Enabled | N2: Notes
A3: temp_control | B3: reactor_temp | C3: 150 | D3: degC | E3: heater_output | F3: 0 | G3: 100 | H3: 2.5 | I3: 0.1 | J3: 0.05 | K3: 0.1 | L3: auto | M3: Yes | N3: Reactor heater PID
A4: pressure_control | B4: chamber_pressure | C4: 0.001 | D4: torr | E4: flow_setpoint | F4: 0 | G4: 500 | H4: 1 | I4: 0.5 | J4: 0 | K4: 0.5 | L4: manual | M4: Yes | N4: Throttle valve control

Sheet Interlocks
A1: Define safety interlocks. Select Channel from dropdown. When condition is met, the Action is applied to the Target (a channel or loop) with the specified Action Value.
A2: Interlock Name | B2: Channel | C2: Condition | D2: Threshold | E2: Action | F2: Target | G2: Action Value | H2: Enabled | I2: Notes
A3: over_temp | B3: reactor_temp | C3: > | D3: 250 | E3: set_output | F3: heater_output | G3: 0 | H3: Yes | I3: Emergency shutoff if temp > 250C
A4: low_pressure | B4: chamber_pressure | C4: < | D4: 1e-06 | E4: disable_loop | F4: pressure_control | H4: Yes | I4: Disable control if vacuum lost
A5: coolant_high | B5: coolant_temp | C5: > | D5: 80 | E5: set_output | F5: heater_output | G5: 0 | H5: Yes | I5: Stop heater if coolant overheats
A6: flow_fault | B6: gas_flow | C6: < | D6: 10 | E6: alarm | H6: Yes | I6: Alarm if flow drops below 10 sccm

Sheet Logging
A1: Select channels to log and display. Use Channel dropdown. Alarms trigger UI warnings (separate from safety interlocks).
A2: Channel | B2: Log to CSV | C2: Display on UI | D2: Display Format | E2: Decimal Places | F2: Alarm Low | G2: Alarm High | H2: Notes
A3: reactor_temp | B3: Yes | C3: Yes | D3: 0.0 | E3: 1 | F3: 50 | G3: 200 | H3: Main display
A4: coolant_temp | B4: Yes | C4: Yes | D4: 0.0 | E4: 1 | F4: N/A | G4: 80 | H4: Warn if > 80C
A5: chamber_pressure | B5: Yes | C5: Yes | D5: 0.00e+0 | E5: 4 | F5: N/A | G5: 1
A6: gas_flow | B6: Yes | C6: Yes | D6: 0.0 | E6: 1 | F6: N/A | G6: N/A
A7: heater_output | B7: Yes | C7: Yes | D7: 0.0 | E7: 1 | F7: N/A | G7: N/A | H7: Control output

Sheet Test Series
A1: Each row is a test step. Add SP columns matching your Control Loop names. System applies setpoints at the given Ramp Rate, waits for stability (if required), holds, then advances.
A2: Step # | B2: SP: reactor_temp (degC) | C2: SP: chamber_pressure (torr) | D2: Hold Time (s) | E2: Ramp Rate (/min) | F2: Stability Required? | G2: Tolerance Override (%) | H2: Notes
A3: 1 | B3: 100 | C3: 0.01 | D3: 300 | E3: 10 | F3: Yes | H3: Initial ramp
A4: 2 | B4: 150 | C4: 0.001 | D4: 600 | E4: 5 | F4: Yes | G4: 1 | H4: Operating condition A
A5: 3 | B5: 200 | C5: 0.001 | D5: 600 | E5: 5 | F5: Yes | G5: 1 | H5: Operating condition B
A6: 4 | B6: 150 | C6: 0.01 | D6: 300 | E6: 10 | F6: Yes | G6: 5 | H6: Cool-down step
A7: 5 | B7: 25 | C7: 0.1 | D7: 60 | F7: No | H7: Return to ambient

Sheet Settings
A1: Setting | B1: Value | C1: Description
A2: 📁 Logging
A3: CSV Log File | B3: data_{timestamp}.csv | C3: Output file path. {timestamp} is auto-replaced with start time.
A4: Log Interval (s) | B4: 1 | C4: How often to write a row to the CSV file
A5: Auto-start Logging | B5: No | C5: Start logging immediately on launch
A6: Max Log File Size (MB) | B6: 100 | C6: Rotate log file when this size is reached
A7: 🖥️ UI
A8: Web UI Port | B8: 8080 | C8: Port for the web dashboard
A9: Web UI Refresh Rate (ms) | B9: 500 | C9: How often the UI polls for new data
A10: ⚠️ Safety
A11: Emergency Stop Enabled | B11: Yes | C11: Enable E-stop button on UI
A12: Interlock Check Interval (s) | B12: 0.1 | C12: How often to evaluate interlock conditions
A13: 🎛️ Control
A14: Data Buffer Size | B14: 1000 | C14: Number of points to keep in memory for plotting
A15: PID Update Priority | B15: high | C15: Thread priority for control loops (high/normal/low)
A16: SP Stability Time (s) | B16: 30 | C16: Time PV must remain within tolerance before considered stable
A17: SP Stability Tolerance (%) | B17: 2 | C17: PV must be within this % of SP to count as stable

Sheet Validation
A1: Configuration Validation Dashboard
A2: This sheet automatically checks your configuration for common errors. Green = pass, Red = issues found.
A4: Check | B4: Status | C4: Count | D4: Details
A5: Duplicate Instrument Names | B5: =IF(C5=0,"✅ Pass","❌ FAIL") -> ✅ Pass | C5: {=SUMPRODUCT((COUNTIF(Instruments!A3:A100,Instruments!A3:A100)>1)*(Instruments!A3:A100<>""))/MAX(1,SUMPRODUCT((COUNTIF(Instruments!A3:A100,Instruments!A3:A100)>1)*(Instruments!A3:A100<>"")))*(SUMPRODUCT((COUNTIF(Instruments!A3:A100,Instruments!A3:A100)>1)*(Instruments!A3:A100<>"")))} -> 0 | D5: Each Instrument Name in column A must be unique
A6: Duplicate Channel Names | B6: =IF(C6=0,"✅ Pass","❌ FAIL") -> ✅ Pass | C6: {=SUMPRODUCT((COUNTIF(Channels!C3:C100,Channels!C3:C100)>1)*(Channels!C3:C100<>""))/MAX(1,SUMPRODUCT((COUNTIF(Channels!C3:C100,Channels!C3:C100)>1)*(Channels!C3:C100<>"")))*(SUMPRODUCT((COUNTIF(Channels!C3:C100,Channels!C3:C100)>1)*(Channels!C3:C100<>"")))} -> 0 | D6: Each Channel Name in column C must be unique
A7: Duplicate Control Loop Names | B7: =IF(C7=0,"✅ Pass","❌ FAIL") -> ✅ Pass | C7: {=SUMPRODUCT((COUNTIF('Control Loops'!A3:A100,'Control Loops'!A3:A100)>1)*('Control Loops'!A3:A100<>""))/MAX(1,SUMPRODUCT((COUNTIF('Control Loops'!A3:A100,'Control Loops'!A3:A100)>1)*('Control Loops'!A3:A100<>"")))*(SUMPRODUCT((COUNTIF('Control Loops'!A3:A100,'Control Loops'!A3:A100)>1)*('Control Loops'!A3:A100<>"")))} -> 0 | D7: Each Loop Name in column A must be unique
A8: Duplicate Interlock Names | B8: =IF(C8=0,"✅ Pass","❌ FAIL") -> ✅ Pass | C8: {=SUMPRODUCT((COUNTIF(Interlocks!A3:A100,Interlocks!A3:A100)>1)*(Interlocks!A3:A100<>""))/MAX(1,SUMPRODUCT((COUNTIF(Interlocks!A3:A100,Interlocks!A3:A100)>1)*(Interlocks!A3:A100<>"")))*(SUMPRODUCT((COUNTIF(Interlocks!A3:A100,Interlocks!A3:A100)>1)*(Interlocks!A3:A100<>"")))} -> 0 | D8: Each Interlock Name in column A must be unique
A9: Channels → Invalid Instrument Refs | B9: =IF(C9=0,"✅ Pass","❌ FAIL") -> ✅ Pass | C9: {=SUMPRODUCT((Channels!A3:A100<>"")*(COUNTIF(Instruments!A3:A100,Channels!A3:A100)=0))} -> 0 | D9: Every Channels → Instrument must exist on Instruments sheet
A10: Control Loops → Invalid PV Channel Refs | B10: =IF(C10=0,"✅ Pass","❌ FAIL") -> ✅ Pass | C10: {=SUMPRODUCT(('Control Loops'!B3:B100<>"")*(COUNTIF(Channels!C3:C100,'Control Loops'!B3:B100)=0))} -> 0 | D10: Every Control Loop PV must reference a valid Channel Name
A11: Control Loops → Invalid Output Channel Refs | B11: =IF(C11=0,"✅ Pass","❌ FAIL") -> ✅ Pass | C11: {=SUMPRODUCT(('Control Loops'!E3:E100<>"")*(COUNTIF(Channels!C3:C100,'Control Loops'!E3:E100)=0))} -> 0 | D11: Every Control Loop Output must reference a valid Channel Name
A12: Interlocks → Invalid Channel Refs | B12: =IF(C12=0,"✅ Pass","❌ FAIL") -> ✅ Pass | C12: {=SUMPRODUCT((Interlocks!B3:B100<>"")*(COUNTIF(Channels!C3:C100,Interlocks!B3:B100)=0))} -> 0 | D12: Every Interlock Channel must reference a valid Channel Name
A13: Logging → Invalid Channel Refs | B13: =IF(C13=0,"✅ Pass","❌ FAIL") -> ✅ Pass | C13: {=SUMPRODUCT((Logging!A3:A100<>"")*(COUNTIF(Channels!C3:C100,Logging!A3:A100)=0))} -> 0 | D13: Every Logging Channel must reference a valid Channel Name
A14: Logging → Alarm Low > Alarm High | B14: =IF(C14=0,"✅ Pass","❌ FAIL") -> ✅ Pass | C14: {=SUMPRODUCT((Logging!F3:F100<>"N/A")*(Logging!G3:G100<>"N/A")*(ISNUMBER(Logging!F3:F100))*(ISNUMBER(Logging!G3:G100))*(Logging!F3:F100>Logging!G3:G100))} -> 0 | D14: Alarm Low should not exceed Alarm High for any channel
A15: Orphaned Channels (unused) | B15: =IF(C15=0,"✅ Pass","⚠️ WARNING") -> ✅ Pass | C15: {=SUMPRODUCT((Channels!C3:C100<>"")*(COUNTIF(Logging!A3:A100,Channels!C3:C100)+COUNTIF('Control Loops'!B3:B100,Channels!C3:C100)+COUNTIF('Control Loops'!E3:E100,Channels!C3:C100)+COUNTIF(Interlocks!B3:B100,Channels!C3:C100)=0))} -> 0 | D15: Channels defined but not used in any Loop, Interlock, or Logging
A16: Disabled Instruments with Active Channels | B16: =IF(C16=0,"✅ Pass","⚠️ WARNING") -> ✅ Pass | C16: {=SUMPRODUCT((Instruments!A3:A100<>"")*(Instruments!G3:G100="No")*(COUNTIF(Channels!A3:A100,Instruments!A3:A100)>0))} -> 0 | D16: Disabled instruments that still have channels referencing them
A18: Overall Status | B18: =IF(COUNTIF(B5:B16,"*FAIL*")>0,"❌ "&COUNTIF(B5:B16,"*FAIL*")&" issue(s) found",IF(COUNTIF(B5:B16,"*WARNING*")>0,"⚠️ "&COUNTIF(B5:B16,"*WARNING*")&" warning(s)","✅ All checks passed")) -> ✅ All checks passed
